{
  "rasa_nlu_data": {
    "entity_synonyms": [],
    "common_examples": [
      {
        "entities": [
          {
            "entity": "mobile",
            "end": 36,
            "start": 28,
            "value": "iphone 6"
          }
        ],
        "response": "The apple iphone 6 is of 700$",
        "intent": "buy_phone",
        "text": "I would like to buy a apple iphone 6"
      },
      {
        "entities": [
          {
            "entity": "tv",
            "end": 33,
            "start": 22,
            "value": "xiomi mi tv"
          }
        ],
        "response": "The xiomi mi tv costs 39k",
        "intent": "buy_tv",
        "text": "I would like to buy a xiomi mi tv"
      },
      {
        "entities": [
          {
            "entity": "headphones",
            "end": 33,
            "start": 24,
            "value": "JBL t100a"
          }
        ],
        "response": "JBL headphones costs 1000 rs",
        "intent": "buy_headphone",
        "text": "I would like to buy the JBL t100a headphones"
      },
      {
        "entities": [],
        "response": "The apple iphone 6 is of 700$",
        "intent": "buy_phone",
        "text": "please help me in buying apple iphone 6 "
      },
      {
        "entities": [],
        "response": "The xiomi mi tv costs 39k",
        "intent": "buy_tv",
        "text": "please help me in buying new xiomi tv"
      },
      {
        "entities": [],
        "response": "JBL headphones costs 1000 rs",
        "intent": "buy_headphone",
        "text": "what is the rate of JBL t100a headphones"
      },
      {
        "entities": [
          {
            "entity": "mobile",
            "end": 35,
            "start": 28,
            "value": "iphone6"
          }
        ],
        "response": "The apple iphone 6 is of 700$",
        "intent": "buy_phone",
        "text": "I would like to buy a apple iphone6"
      },
      {
        "entities": [
          {
            "entity": "tv",
            "end": 47,
            "start": 28,
            "value": "ximoi mi tv 32 inch"
          }
        ],
        "response": "The xiomi mi tv costs 39k",
        "intent": "buy_tv",
        "text": "can you tell me the rate of ximoi mi tv 32 inch"
      }
    ],
    "regex_features": []
  }
}